{"stats":{"minecraft:custom":{"minecraft:jump":35,"minecraft:time_since_rest":4846,"minecraft:damage_dealt":450,"minecraft:crouch_one_cm":42,"minecraft:sprint_one_cm":4208,"minecraft:play_time":4846,"minecraft:time_since_death":4846,"minecraft:walk_one_cm":9127,"minecraft:sneak_time":48,"minecraft:total_world_time":4846,"minecraft:mob_kills":3,"minecraft:fall_one_cm":209,"minecraft:fly_one_cm":44907},"minecraft:used":{"minecraft:axolotl_spawn_egg":1,"minecraft:goat_spawn_egg":2,"minecraft:iron_sword":7},"minecraft:killed":{"minecraft:axolotl":1,"minecraft:goat":2}},"DataVersion":3465}