{
  "minecraft:recipes/misc/iron_nugget_from_smelting": {
    "criteria": {
      "has_iron_sword": "2024-06-27 22:10:40 +0000"
    },
    "done": true
  },
  "minecraft:recipes/decorations/crafting_table": {
    "criteria": {
      "unlock_right_away": "2024-06-27 22:09:05 +0000"
    },
    "done": true
  },
  "minecraft:adventure/root": {
    "criteria": {
      "killed_something": "2024-06-27 22:10:45 +0000"
    },
    "done": true
  },
  "minecraft:recipes/misc/iron_nugget_from_blasting": {
    "criteria": {
      "has_iron_sword": "2024-06-27 22:10:40 +0000"
    },
    "done": true
  },
  "minecraft:adventure/adventuring_time": {
    "criteria": {
      "minecraft:frozen_river": "2024-06-27 22:10:32 +0000",
      "minecraft:stony_shore": "2024-06-27 22:09:07 +0000",
      "minecraft:snowy_taiga": "2024-06-27 22:10:25 +0000",
      "minecraft:grove": "2024-06-27 22:09:46 +0000",
      "minecraft:frozen_ocean": "2024-06-27 22:09:51 +0000"
    },
    "done": false
  },
  "DataVersion": 3465
}